<?xml version="1.0" encoding="UTF-8"?>
<jcr:root xmlns:sling="http://sling.apache.org/jcr/sling/1.0" xmlns:cq="http://www.day.com/jcr/cq/1.0" xmlns:jcr="http://www.jcp.org/jcr/1.0" xmlns:nt="http://www.jcp.org/jcr/nt/1.0"
    jcr:primaryType="cq:Page">
    <jcr:content
        cq:lastModified="{Date}2019-04-11T18:48:52.576-04:00"
        cq:lastModifiedBy="admin"
        jcr:primaryType="nt:unstructured"
        jcr:title="English"
        sling:resourceType="sample-button/components/structure/page"
        pageTitle="New Project">
        <logo
            jcr:primaryType="nt:unstructured"
            sling:resourceType="sample-button/components/structure/logo"/>
        <title
            jcr:primaryType="nt:unstructured"
            sling:resourceType="sample-button/components/content/title"/>
        <topnav
            jcr:primaryType="nt:unstructured"
            sling:resourceType="sample-button/components/structure/topnav"/>
        <par
            jcr:primaryType="nt:unstructured"
            sling:resourceType="wcm/foundation/components/parsys">
            <title_0
                jcr:primaryType="nt:unstructured"
                jcr:title="Service Component"
                sling:resourceType="sample-button/components/content/title"
                type="h2"/>
            <title_1
                jcr:primaryType="nt:unstructured"
                jcr:title="Lorem ipsum"
                sling:resourceType="sample-button/components/content/title"
                type="h2"/>
            <colctrl
                jcr:primaryType="nt:unstructured"
                sling:resourceType="sample-button/components/content/colctrl"
                controlType="start"
                layout="2;cq-colctrl-lt0"/>
            <col_break14029137700350
                jcr:primaryType="nt:unstructured"
                sling:resourceType="sample-button/components/content/colctrl"
                controlType="break"/>
            <col_end14029137700351
                jcr:primaryType="nt:unstructured"
                sling:resourceType="sample-button/components/content/colctrl"
                controlType="end"/>
            <image_1
                jcr:created="{Date}2015-01-01T00:00:00.000Z"
                jcr:primaryType="nt:unstructured"
                sling:resourceType="sample-button/components/content/image"
                fileReference="/content/dam/sample-button/asset.jpg"/>
            <sample_button
                jcr:created="{Date}2019-04-11T00:51:38.808-04:00"
                jcr:createdBy="admin"
                jcr:lastModified="{Date}2019-04-11T18:48:52.566-04:00"
                jcr:lastModifiedBy="admin"
                jcr:primaryType="nt:unstructured"
                sling:resourceType="sample-button/components/content/sample_ button"
                color="btn-primary"
                html="&lt;div>&#xd;&#xa;&lt;h2>Where does it come from?&lt;/h2>&#xd;&#xa;&lt;p>Contrary to popular belief, Lorem Ipsum is not simply random text. It has roots in a piece of classical Latin literature from 45 BC, making it over 2000 years old. Richard McClintock, a Latin professor at Hampden-Sydney College in Virginia, looked up one of the more obscure Latin words, consectetur, from a Lorem Ipsum passage, and going through the cites of the word in classical literature, discovered the undoubtable source. Lorem Ipsum comes from sections 1.10.32 and 1.10.33 of &quot;de Finibus Bonorum et Malorum&quot; (The Extremes of Good and Evil) by Cicero, written in 45 BC. This book is a treatise on the theory of ethics, very popular during the Renaissance. The first line of Lorem Ipsum, &quot;Lorem ipsum dolor sit amet..&quot;, comes from a line in section 1.10.32.&lt;/p>&lt;p>The standard chunk of Lorem Ipsum used since the 1500s is reproduced below for those interested. Sections 1.10.32 and 1.10.33 from &quot;de Finibus Bonorum et Malorum&quot; by Cicero are also reproduced in their exact original form, accompanied by English versions from the 1914 translation by H. Rackham.&lt;/p>&#xd;&#xa;&lt;/div>">
                <itemsIn jcr:primaryType="nt:unstructured">
                    <item0
                        jcr:primaryType="nt:unstructured"
                        path="/content/we-retail/ca/en/products"/>
                    <item1
                        jcr:primaryType="nt:unstructured"
                        path="/content/we-retail/ca/en/about-us"/>
                    <item2
                        jcr:primaryType="nt:unstructured"
                        path="/content/we-retail/ca/en/equipment"/>
                    <item3
                        jcr:primaryType="nt:unstructured"
                        path="/content/we-retail/ca/en/experience"/>
                </itemsIn>
            </sample_button>
        </par>
        <image jcr:primaryType="nt:unstructured">
            <file/>
        </image>
    </jcr:content>
</jcr:root>
