<?xml version="1.0" encoding="UTF-8"?>
<jcr:root xmlns:sling="http://sling.apache.org/jcr/sling/1.0" xmlns:cq="http://www.day.com/jcr/cq/1.0" xmlns:jcr="http://www.jcp.org/jcr/1.0" xmlns:nt="http://www.jcp.org/jcr/nt/1.0"
    jcr:primaryType="nt:unstructured"
    jcr:title="Button"
    sling:resourceType="cq/gui/components/authoring/dialog">
    <content
        jcr:primaryType="nt:unstructured"
        sling:resourceType="granite/ui/components/coral/foundation/fixedcolumns"
        margin="{Boolean}false">
        <items jcr:primaryType="nt:unstructured">
            <column
                jcr:primaryType="nt:unstructured"
                sling:resourceType="granite/ui/components/coral/foundation/container">
                <items jcr:primaryType="nt:unstructured">
                    <html
                        jcr:primaryType="nt:unstructured"
                        sling:resourceType="granite/ui/components/foundation/form/textarea"
                        fieldLabel="HTML field"
                        name="./html"
                        required="{Boolean}true"/>
                    <color
                        jcr:primaryType="nt:unstructured"
                        sling:resourceType="granite/ui/components/coral/foundation/form/select"
                        fieldLabel="Button Color"
                        name="./color">
                        <items jcr:primaryType="nt:unstructured">
                            <primary
                                jcr:primaryType="nt:unstructured"
                                text="Primary"
                                value="btn-primary"/>
                            <secondary
                                jcr:primaryType="nt:unstructured"
                                text="Secondary"
                                value="btn-secondary"/>
                            <success
                                jcr:primaryType="nt:unstructured"
                                text="Success"
                                value="btn-success"/>
                            <info
                                jcr:primaryType="nt:unstructured"
                                text="Info"
                                value="btn-info"/>
                            <light
                                jcr:primaryType="nt:unstructured"
                                text="Light"
                                value="btn-light"/>
                            <dark
                                jcr:primaryType="nt:unstructured"
                                text="Dark"
                                value="btn-dark"/>
                        </items>
                    </color>
                    <multifield
                        jcr:primaryType="nt:unstructured"
                        sling:resourceType="granite/ui/components/coral/foundation/form/multifield"
                        composite="{Boolean}true"
                        name="./multiCol">
                        <field
                            jcr:primaryType="nt:unstructured"
                            sling:resourceType="granite/ui/components/coral/foundation/container"
                            name="./itemsIn">
                            <items jcr:primaryType="nt:unstructured">
                                <path
                                    jcr:primaryType="nt:unstructured"
                                    sling:resourceType="granite/ui/components/coral/foundation/form/pathfield"
                                    fieldLabel="Path Field"
                                    name="./path"
                                    required="{Boolean}true"
                                    rootPath="/content"/>
                            </items>
                        </field>
                    </multifield>
                </items>
            </column>
        </items>
    </content>
</jcr:root>
