<?xml version="1.0" encoding="UTF-8"?>
<jcr:root xmlns:cq="http://www.day.com/jcr/cq/1.0" xmlns:jcr="http://www.jcp.org/jcr/1.0" xmlns:nt="http://www.jcp.org/jcr/nt/1.0"
    jcr:primaryType="cq:Dialog"
    title="Search"
    xtype="tabpanel">
    <items jcr:primaryType="cq:WidgetCollection">
        <search
            jcr:primaryType="cq:Widget"
            title="Search">
            <items jcr:primaryType="cq:WidgetCollection">
                <searchIn
                    jcr:primaryType="cq:Widget"
                    fieldLabel="Path or Paths to Search"
                    name="./searchIn"
                    xtype="multifield">
                    <fieldConfig
                        jcr:primaryType="nt:unstructured"
                        xtype="pathfield"/>
                </searchIn>
                <synonyms
                    jcr:primaryType="cq:Widget"
                    fieldDescription="If checked, any synonyms for the search term will be processed."
                    fieldLabel="Enable Synonyms?"
                    name="./enableSynonyms"
                    type="checkbox"
                    xtype="selection"/>
				<displayquicklinks
                    jcr:primaryType="cq:Widget"
                    fieldDescription="If unchecked, Quick Links Section would be hidden."
                    fieldLabel="Show Quick Links?"
                    name="./displayquicklinks"
                    type="checkbox"
                    xtype="selection"/>
            </items>
        </search>
        <display
            jcr:primaryType="cq:Widget"
            title="Display">
            <items jcr:primaryType="cq:WidgetCollection">

                <displayExcerpt
                    jcr:primaryType="cq:Widget"
                    fieldDescription="If this box is checked, the excerpt (if any) will be output for each search result."
                    fieldLabel="Display Excerpt?"
                    name="./displayExcerpt"
                    type="checkbox"
                    xtype="selection"/>
                <displayDescription
                    jcr:primaryType="cq:Widget"
                    fieldDescription="If this box is checked, the description (if any) will be output for each search result. If the both this and the display excerpt box are checked and the values are identical, only the excerpt will be output."
                    fieldLabel="Display Description?"
                    name="./displayDescription"
                    type="checkbox"
                    xtype="selection"/>
				<hideSpellcheck
                    jcr:primaryType="cq:Widget"
                    fieldDescription="If this box is checked, a spelling suggestion will not be displayed."
                    fieldLabel="Hide Spellcheck?"
                    name="./hideSpellcheck"
                    type="checkbox"
                    xtype="selection"/>
            </items>
        </display>
        <text
            jcr:primaryType="cq:Widget"
            title="Text Options"
            xtype="panel">
            <items jcr:primaryType="cq:WidgetCollection">
                <searchHeading
                    jcr:primaryType="cq:Widget"
                    fieldDescription="Heading on search form. Defaults to 'Search Results ({0} found)'&lt;br/>Variables:&lt;br/>{0} = Total Results"
                    fieldLabel="Search Results Heading"
                    name="./search.results.searchResultsHeading"
                    xtype="textfield"/>
                <quicklinksHeading
                    jcr:primaryType="cq:Widget"
                    fieldDescription="Heading on Quick links Search Results. Defaults to 'Quick Links'"
                    fieldLabel="Quick Links Results Heading"
                    name="./search.results.quicklinksResultsHeading"
                    xtype="textfield"/>
                <placeholder
                    jcr:primaryType="cq:Widget"
                    fieldDescription="Placeholder for search box in form. Defaults to 'SEARCH'"
                    fieldLabel="Placeholder"
                    name="./search.results.searchPlaceholder"
                    xtype="textfield"/>
                <searchButtonText
                    jcr:primaryType="cq:Widget"
                    fieldDescription="Button label in the search form. May not be visible depending on CSS. Defaults to 'Search'"
                    fieldLabel="Search Button Label"
                    name="./search.results.searchButtonLabel"
                    xtype="textfield"/>
                <noResults
                    jcr:primaryType="cq:Widget"
                    fieldDescription="Text seen when there are no results. Defaults to 'Your search for &quot;{0}&quot; did not match anything.'&lt;br/>Variables:&lt;br/>{0} = Search Term"
                    fieldLabel="No Results Text"
                    name="./search.results.noResultsText"
                    xtype="textfield"/>
                <resultCountSingular
                    jcr:primaryType="cq:Widget"
                    fieldDescription="Text seen when there is a single result. Defaults to 'You searched for &quot;{0}&quot;'&lt;br/>Variables:&lt;br/>{0} = Search Term"
                    fieldLabel="Result Count Text (Singular)"
                    name="./search.results.resultCountTextSingular"
                    xtype="textfield"/>
                <resultCountPlural
                    jcr:primaryType="cq:Widget"
                    fieldDescription="Text seen when there are multiple results. Defaults to 'You searched for &quot;{0}&quot;'&lt;br/>Variables:&lt;br/>{0} = Search Term"
                    fieldLabel="Result Count Text (Plural)"
                    name="./search.results.resultCountTextPlural"
                    xtype="textfield"/>
            </items>
        </text>
    </items>
</jcr:root>